ts,cap_w,cap_verified_w,prefill_ttft_s,prefill_tok_s,prefill_pwr_avg_w,d1_tokens,d1_window_s,d1_tok_s,d1_ttft_s,d1_pwr_avg_w,d1_pwr_max_w,d6_tokens,d6_window_s,d6_tok_s,d6_ttft_s,d6_pwr_avg_w,d6_pwr_max_w,temp_max_c,util_avg_pct,idle_warn,notes
2026-09-11T23:48:54,585,585,2.78,14302.2,384.6,6009,45.0,133.5,0.12,414.8,439.7,24197,45.0,537.7,1.05,484.7,525.6,81.0,94.5,0,
2026-09-11T23:50:48,526,526,3.02,13165.6,380.1,5725,45.0,127.2,0.1,438.1,454.3,24853,45.0,552.3,0.23,508.7,528.8,85.0,95.0,0,
2026-09-11T23:52:41,474,474,3.19,12463.9,352.5,6118,45.0,136.0,0.1,444.2,459.3,24862,45.0,552.5,0.23,465.7,481.0,83.0,95.2,0,
2026-09-11T23:54:35,426,426,3.44,11558.1,333.5,6002,45.0,133.4,0.11,416.5,431.0,23737,45.0,527.5,0.23,419.7,429.1,80.0,94.9,0,
2026-09-11T23:56:30,384,384,3.71,10717.0,303.9,6558,45.0,145.7,0.1,378.1,387.9,23539,45.0,523.1,0.24,377.4,399.4,77.0,95.2,0,
2026-09-11T23:58:24,345,345,4.04,9841.6,288.5,5757,45.0,127.9,0.1,338.4,347.3,22161,45.0,492.5,0.23,338.8,358.5,75.0,94.2,0,
2026-09-12T00:00:19,311,311,4.37,9098.4,267.6,5794,45.0,128.8,0.09,305.8,311.5,22259,45.0,494.6,0.24,306.2,320.8,72.0,94.2,0,
2026-09-12T00:02:14,280,280,4.85,8197.9,248.4,5379,45.0,119.5,0.12,275.7,280.4,20575,45.0,457.2,0.22,276.3,283.6,69.0,94.0,0,
2026-09-12T00:04:10,252,252,5.35,7431.8,217.5,5171,45.0,114.9,0.11,248.2,267.1,18690,45.0,415.3,0.26,248.5,261.1,67.0,95.6,0,
2026-09-12T00:06:07,227,227,6.03,6593.7,202.3,4759,45.0,105.8,0.11,223.4,243.2,16555,45.0,367.9,0.25,224.6,227.7,64.0,95.9,0,
