ts,cap_w,cap_verified_w,prefill_ttft_s,prefill_tok_s,prefill_pwr_avg_w,d1_tokens,d1_window_s,d1_tok_s,d1_ttft_s,d1_pwr_avg_w,d1_pwr_max_w,d16_tokens,d16_window_s,d16_tok_s,d16_ttft_s,d16_pwr_avg_w,d16_pwr_max_w,temp_max_c,util_avg_pct,idle_warn,notes
2026-09-11T23:10:28,585,585,4.48,8875.0,488.7,6310,45.0,140.2,0.05,439.8,460.7,66014,45.0,1467.0,0.17,571.8,588.9,86.0,98.9,0,
2026-09-11T23:12:23,556,556,4.72,8423.7,486.0,6175,45.0,137.2,0.03,466.5,483.8,63104,45.0,1402.3,0.18,545.2,563.2,89.0,98.9,0,
2026-09-11T23:14:19,528,528,4.89,8130.9,448.3,6238,45.0,138.6,0.04,471.3,487.7,63428,45.0,1409.5,0.18,518.9,528.4,88.0,98.9,0,
2026-09-11T23:16:14,502,502,5.06,7857.7,403.9,6511,45.0,144.7,0.04,472.3,487.3,60820,45.0,1351.6,0.19,494.2,503.3,87.0,98.9,0,
2026-09-11T23:18:06,476,476,5.25,7573.3,396.2,8192,41.54,197.2,0.04,466.5,479.0,61149,45.0,1358.9,0.19,467.3,488.6,86.0,98.8,0,
2026-09-11T23:20:02,453,453,5.49,7242.3,396.9,5764,45.0,128.1,0.03,446.0,460.8,59441,45.0,1320.9,0.2,445.1,454.4,85.0,98.9,0,
2026-09-11T23:21:58,430,430,5.74,6926.8,381.7,5909,45.0,131.3,0.04,422.2,443.1,58277,45.0,1295.0,0.2,422.3,441.5,83.0,98.9,0,
2026-09-11T23:23:55,409,409,5.79,6867.0,364.4,5997,45.0,133.3,0.04,402.0,410.0,59340,45.0,1318.7,0.2,403.9,410.9,82.0,98.4,0,
2026-09-11T23:25:51,388,388,6.01,6615.6,336.6,6122,45.0,136.0,0.04,380.7,401.5,54930,45.0,1220.7,0.21,380.2,388.0,80.0,98.2,0,
2026-09-11T23:27:48,369,369,6.28,6331.2,326.8,6294,45.0,139.9,0.04,363.4,370.3,52720,45.0,1171.6,0.22,363.2,372.0,78.0,98.9,0,
2026-09-11T23:29:45,350,350,6.66,5970.0,318.0,5919,45.0,131.5,0.03,344.8,351.4,51865,45.0,1152.6,0.22,344.4,354.2,77.0,98.9,0,
2026-09-11T23:31:42,333,333,6.79,5855.7,303.8,5593,45.0,124.3,0.04,326.9,336.7,49561,45.0,1101.4,0.22,326.3,333.0,75.0,97.9,0,
2026-09-11T23:33:40,316,316,7.08,5615.8,281.9,6344,45.0,141.0,0.04,310.2,335.7,47805,45.0,1062.3,0.24,311.2,320.6,75.0,97.8,0,
2026-09-11T23:35:38,300,300,7.44,5344.1,272.6,6364,45.0,141.4,0.04,295.6,301.8,46077,45.0,1023.9,0.25,294.5,316.4,72.0,98.8,0,
